'Id','Fname','Lname','Population','Rating','Country_Id','Country_name'
'1','Rajesh','Kumar','1400000000','4.5','1','India'
'2','John','Doe','331000000','4.8','2','USA'
'3','Amit','Shah','1400000000','4.2','1','India'
'4','Priya','Reddy','38000000','4.9','3','Canada'
'5','David','Smith','67000000','4.3','4','UK'
'6','Sara','Brown','26000000','3.9','5','Australia'
'7','Satoshi','Nakamoto','125000000','5','6','Japan'
'8','Linda','Williams','213000000','4.7','9','Brazil'
'9','Akash','Patel','1400000000','3.8','1','India'
'10','Sophia','Johnson','331000000','4.6','2','USA'
