'Full_name','Email','Phone_no','State'
'Aryan Gupta','aryan.gupta@example.com','4321098765','Delhi'
'Rhea Kapoor','rhea.kapoor@example.com','1987654321','Delhi'
'Vihaan Patel','vihaan.patel@example.com','8765432109','Gujarat'
'Mira Desai','mira.desai@example.com','1098765432','Karnataka'
'Aarav Sharma','aarav.sharma@example.com','9876543210','Maharashtra'
'Diya Mehta','diya.mehta@example.com','3210987654','Maharashtra'
'Kabir Chopra','kabir.chopra@example.com','2109876543','Telangana'
'Ishaan Reddy','ishaan.reddy@example.com','7654321098','Telangana'
'Aditi Kumar','aditi.kumar@example.com','6543210987','Uttar Pradesh'
'Ananya Singh','ananya.singh@example.com','5432109876','West Bengal'
