'Customer_Id','First_name','Last_name','Email','Phone_no','Address','City','State','Zip_code','Country'
'1','Aarav','Sharma','aarav.sharma@example.com','9876543210','123 MG Road','Mumbai','Maharashtra','400001','India'
'2','Vihaan','Patel','vihaan.patel@example.com','8765432109','456 Residency Rd','Ahmedabad','Gujarat','380001','India'
'3','Ishaan','Reddy','ishaan.reddy@example.com','7654321098','789 Jubilee Hills','Hyderabad','Telangana','500033','India'
'4','Aditi','Kumar','aditi.kumar@example.com','6543210987','321 Civil Lines','Lucknow','Uttar Pradesh','226001','India'
'5','Ananya','Singh','ananya.singh@example.com','5432109876','654 Park Street','Kolkata','West Bengal','700016','India'
'6','Aryan','Gupta','aryan.gupta@example.com','4321098765','987 Nehru Nagar','Delhi','Delhi','110001','India'
'7','Diya','Mehta','diya.mehta@example.com','3210987654','159 Andheri East','Mumbai','Maharashtra','400069','India'
'8','Kabir','Chopra','kabir.chopra@example.com','2109876543','753 Hitech City','Hyderabad','Telangana','500081','India'
'9','Mira','Desai','mira.desai@example.com','1098765432','159 MG Road','Bengaluru','Karnataka','560001','India'
'10','Rhea','Kapoor','rhea.kapoor@example.com','1987654321','369 Connaught Place','New Delhi','Delhi','110001','India'
